prov,prov_code,prov_type,city,city_code,city_type,2015,2016,2017,2018,2019,2020,2021
安徽省,340000,省,安庆市,340800,地级市,9.534949491377152,9.72404079799263,9.406939312245202,9.52851265653935,9.381842162784876,8.937227001928932,8.9426336014873
安徽省,340000,省,蚌埠市,340300,地级市,9.123468863739786,9.213024203366206,8.661912282625977,8.531706692655751,8.176846907156818,8.313292911789205,8.913439500470268
安徽省,340000,省,亳州市,341600,地级市,8.602519667047371,8.883193215264832,8.520483704410685,8.737135052731428,8.22725779124548,7.941680377832427,8.53768999033677
安徽省,340000,省,池州市,341700,地级市,11.141135720163176,11.05942124509019,10.81558142846258,10.75878754487614,10.49895441430197,10.22282075353874,10.717954023358493
安徽省,340000,省,滁州市,341100,地级市,9.343865040883523,9.495441637491908,9.192521454616651,9.321232634153697,8.84442626581356,8.708489161017788,9.152332974147862
安徽省,340000,省,阜阳市,341200,地级市,8.438717121582574,8.565755021047789,8.225912777721318,8.706721000668143,8.33838125414628,7.966292246379431,8.594344870204683
安徽省,340000,省,合肥市,340100,地级市,9.63814054327934,9.825841728143132,9.605481462040776,9.776918108314009,9.446805809973617,9.205751228240104,9.612242604316108
安徽省,340000,省,淮北市,340600,地级市,8.1981053139628,8.350509363382727,8.07671272576907,8.272019097268952,7.829753719153889,7.543666291375823,8.078944702978738
安徽省,340000,省,淮南市,340400,地级市,8.91468484238441,9.0582827217609,8.684931227642592,8.811575463961399,8.478627060383152,8.247573157985862,8.732514921347265
安徽省,340000,省,黄山市,341000,地级市,14.194216997720366,13.416876956969569,13.256241105224849,12.83733006306142,12.440628814322215,12.453086409718251,12.881843793399243
安徽省,340000,省,六安市,341500,地级市,7.783452186198212,7.939501075212105,7.567366048776442,7.731697914480849,7.439618273277011,7.102572853194148,7.362163160313345
安徽省,340000,省,马鞍山市,340500,地级市,9.898229942177368,10.068467690746148,9.761781719956344,9.81616478986764,9.324098662867591,9.13224917285555,9.435864242405176
安徽省,340000,省,宿州市,341300,地级市,8.262460600186326,8.386624889993417,8.081652031249565,8.192337108218194,7.775767652234795,7.654000012774456,8.194311042902521
安徽省,340000,省,铜陵市,340700,地级市,10.768159696793122,10.819114331482805,10.553045566166269,10.55783253601285,10.296925795505446,9.85874533611916,10.082998149202462
安徽省,340000,省,芜湖市,340200,地级市,10.611662021624005,10.648797441880792,10.338596908832324,10.29366531614962,9.870192974164173,9.620734910170308,9.8631529426265
安徽省,340000,省,宣城市,341800,地级市,11.39073107230608,11.07599691137632,10.854256399895776,10.674964640535544,10.259452712738195,10.085246954155956,10.232854445452332
澳门特别行政区,820000,特别行政区,澳门特别行政区,820000,特别行政区,16.602585557389535,17.174165328345627,16.821147032961967,17.2640757221082,16.00146161954909,17.253543335230248,16.639435711297942
北京市,110000,直辖市,北京市,110000,直辖市,10.135978232247863,10.427493882244024,10.345620463899596,10.187128426301545,9.885958593041254,9.612231855989892,9.64686271382844
福建省,350000,省,福州市,350100,地级市,12.800188776116672,12.801608553633145,13.008973222073498,12.448758613469774,12.762439900282434,12.97073379296392,12.57219432779576
福建省,350000,省,龙岩市,350800,地级市,6.590985309946488,6.677336578539779,6.865761602897701,6.631104134784309,6.656670811333862,6.809518683779836,6.754699033823866
福建省,350000,省,南平市,350700,地级市,6.47188355742384,6.684099255556211,6.585926239736713,6.556187700620493,6.343881319695396,6.191717801008252,6.222429701113451
福建省,350000,省,宁德市,350900,地级市,8.59051446364792,8.736131941829532,8.788292717590247,8.562427559273265,8.530076784384605,8.554287199438253,8.413285601556844
福建省,350000,省,莆田市,350300,地级市,13.512766069360431,13.716482212177713,13.618029441775844,12.999804768551932,13.525655589051109,13.625524296111577,13.170972664549566
福建省,350000,省,泉州市,350500,地级市,13.875634651620729,14.31714811250541,13.84534035305458,13.130811828505816,13.857709149320856,13.93224848054561,13.332626931073133
福建省,350000,省,三明市,350400,地级市,8.609692816497319,8.872192664059023,8.798169706201787,8.48116221248438,8.62459290920573,8.799886035090307,8.443305154252883
福建省,350000,省,厦门市,350200,地级市,11.34073179848137,11.313046500475732,11.891158808852824,11.532507468502086,11.53346903679414,11.687314099477328,11.4775717821349
福建省,350000,省,漳州市,350600,地级市,8.998356285951118,9.027390746048566,9.275149154792256,8.957610425612986,9.051691621247617,9.313010618928631,9.192595222637143
甘肃省,620000,省,白银市,620400,地级市,10.631353904906986,10.757225509003744,10.2428185451677,10.419963170810998,10.36956726037411,10.239593875192025,10.647777570622027
甘肃省,620000,省,定西市,621100,地级市,10.906304580430328,11.165285861652926,10.646062151258432,10.8519593074712,10.71487115197205,10.474033550828386,11.144197835810006
甘肃省,620000,省,甘南藏族自治州,623000,自治州,7.873064795746025,7.944937945508655,7.666615802623289,7.800727060011976,7.848249733816575,7.68813380625538,8.86363389652479
甘肃省,620000,省,嘉峪关市,620200,地级市,9.219316347883831,9.041913253914531,9.287928027951615,9.014952712415043,9.022545312050628,8.773547376114974,9.222724546697062
甘肃省,620000,省,金昌市,620300,地级市,11.119353507871113,11.261148095842543,10.811837877293868,10.94273781469704,11.352318124309368,10.932918669260571,11.365268334576385
甘肃省,620000,省,酒泉市,620900,地级市,11.142174234417103,11.06617284936334,10.897215530025951,11.031351339592888,10.713299452001618,10.188584691430837,10.74000225465088
甘肃省,620000,省,兰州市,620100,地级市,10.010446370772302,10.040051292548712,9.421637081897886,9.529231899530664,9.62603095189038,9.752367063703169,10.255738346155317
甘肃省,620000,省,临夏回族自治州,622900,自治州,8.767479726611372,8.860490859879047,8.38679920253531,8.454104372663261,8.69687388235206,8.67844384463539,9.145442703708248
甘肃省,620000,省,陇南市,621200,地级市,7.056585799184551,7.498191742584972,7.196513714689068,7.429867408381618,7.155752883144493,6.893488698421965,7.157590211709094
甘肃省,620000,省,平凉市,620800,地级市,8.44686337571071,8.76538817307587,8.947153701334685,9.01487324185788,8.775090464380934,8.776349898193715,8.90959138142479
甘肃省,620000,省,庆阳市,621000,地级市,8.254031407213288,8.499134526168763,8.255904903790064,8.457085838447785,8.13962497970679,7.997070750224679,8.271497650810932
甘肃省,620000,省,天水市,620500,地级市,8.665321296444793,8.949524792159187,8.603341352664495,8.770220665623922,8.725603305010788,9.183955313950111,9.20393520798348
甘肃省,620000,省,武威市,620600,地级市,12.54045415238629,12.77641001491614,12.35376708421386,12.489743093606553,12.623542655604108,12.136475929271148,12.590335959430549
甘肃省,620000,省,张掖市,620700,地级市,10.363817564028905,10.398075720925409,10.192014900070903,10.297694672211154,10.257654763263336,9.942387075227757,10.536666328448687
广东省,440000,省,潮州市,445100,地级市,7.637866258169091,7.555861135620738,7.719538203600901,7.41147791797628,7.540272575472302,8.107893258484813,7.947918118888655
广东省,440000,省,东莞市,441900,地级市,11.21404238146348,11.476789739070052,11.547492291343012,11.372847163388926,11.526291152026738,12.679806983993885,12.359605625914249
广东省,440000,省,佛山市,440600,地级市,9.937088498905176,10.64304033509396,10.457010856486464,10.622200811915778,10.303697764228184,11.199303773471412,10.954234458823016
广东省,440000,省,广州市,440100,地级市,9.858614408187591,10.20224219527744,10.168077129802963,10.025723852584878,9.88666476623252,10.951046626287315,10.749867285478835
广东省,440000,省,河源市,441600,地级市,6.638770541321422,6.665947126561451,6.710023052682139,6.620590944322137,7.765958163309343,8.23126580768137,7.928700839638143
广东省,440000,省,惠州市,441300,地级市,9.49986839948956,9.82582611933869,9.938206308671228,9.733517664117045,10.129846880501072,10.662036932008087,10.572184980934749
广东省,440000,省,江门市,440700,地级市,12.807283501810044,13.464044569280931,13.233242101236764,13.14451755903452,12.650193770132525,13.536413180225818,13.193316212345715
广东省,440000,省,揭阳市,445200,地级市,7.820809415240602,7.834296230396117,8.055538381250935,7.800058853621227,8.03826366660052,8.505514989072047,8.465089654083538
广东省,440000,省,茂名市,440900,地级市,9.012455240814328,9.057702709502951,8.605763248093778,8.58093487939569,8.47237809713677,9.324202900376886,8.969487058570067
广东省,440000,省,梅州市,441400,地级市,6.278592605651589,6.27535483595491,6.574094179936434,6.578142624811841,6.729569981333317,7.069354231532151,6.913868065113745
广东省,440000,省,清远市,441800,地级市,7.825044487203666,8.2207858021074,8.130494627517207,7.997260210714549,7.819008057394026,8.42312693741369,7.996726680748385
广东省,440000,省,汕头市,440500,地级市,7.814080716594357,7.710644000977728,7.881143031078322,7.4758571488361,7.572959508603147,8.270326554000551,8.158948403407809
广东省,440000,省,汕尾市,441500,地级市,9.348732362972546,9.31978840657438,9.637087347630493,9.3297354991385,9.47882094977064,9.827559421763578,10.172566369855891
广东省,440000,省,韶关市,440200,地级市,7.42564946149093,8.234368140199184,8.150624366002031,7.938012055099724,8.493639664050766,9.233454182968254,8.596066231624572
广东省,440000,省,深圳市,440300,地级市,10.589385741208243,10.867613410304571,10.956575164037403,10.783913414751776,11.167240997461803,12.078384776548663,11.857838121599832
广东省,440000,省,阳江市,441700,地级市,11.916806383497756,11.943200154515162,11.324996265936598,10.98896257706233,10.807735420359649,11.49602233058519,11.126825540351094
广东省,440000,省,云浮市,445300,地级市,8.716262167903912,9.291804606170247,8.899401893257346,9.136630581092575,8.970782215631457,9.63666035904022,9.259083631949595
广东省,440000,省,湛江市,440800,地级市,11.008958858147752,10.96476720205948,10.719732483988857,9.964390298750027,9.844258003341816,10.484727162977624,10.1462093569249
广东省,440000,省,肇庆市,441200,地级市,7.781469222213812,8.58469664432393,8.277839980892107,8.568854803265454,8.325675935672576,8.92392117941428,8.55384493951353
广东省,440000,省,中山市,442000,地级市,13.183508222664605,13.563013939135608,13.553511098599976,13.50100221972846,13.264995568075088,14.339821974415916,13.929822002188583
广东省,440000,省,珠海市,440400,地级市,14.628186484771348,15.185604908083873,15.117933853707315,15.169015745055464,14.589936347470848,15.535918919324445,15.12459442304233
广西壮族自治区,450000,自治区,百色市,451000,地级市,6.287243312794629,6.464413515505135,6.128979437997637,6.310501157528849,6.839055406376215,6.936924195997815,6.691844873864847
广西壮族自治区,450000,自治区,北海市,450500,地级市,9.157845342413376,9.506482000609672,9.308780332691184,9.224781858884,8.920351394580216,9.25948153189918,10.111345642717485
广西壮族自治区,450000,自治区,崇左市,451400,地级市,6.365480994557918,6.51597490351483,6.506369298585921,6.657104952923181,6.731833245876192,6.840998783753037,6.501367428565511
广西壮族自治区,450000,自治区,防城港市,450600,地级市,7.239087970450162,8.137694761514457,7.925436043999157,8.178923059447646,8.056573051214247,8.423889506125905,8.0627480237466
广西壮族自治区,450000,自治区,贵港市,450800,地级市,5.995620803859069,6.220937293357601,6.135632597298191,6.627764991952082,10.808813242217704,10.837684081103989,10.329774845367671
广西壮族自治区,450000,自治区,桂林市,450300,地级市,7.085193769423781,7.525173886645938,7.357470806466411,7.867018030653234,7.781156930183069,7.884971034493466,7.367407523216802
广西壮族自治区,450000,自治区,河池市,451200,地级市,6.362267786051587,6.606244127394785,6.303798379884459,7.044374952253394,6.891920145108658,7.072903255783908,6.709491382214417
广西壮族自治区,450000,自治区,贺州市,451100,地级市,7.291573329509832,7.807446050071583,7.62762123890107,7.87334496970784,8.091119199774653,8.388273570612597,7.943157018080638
广西壮族自治区,450000,自治区,来宾市,451300,地级市,6.47782988253309,6.780165380168773,6.646625963256904,8.654809621550543,9.980812040480654,10.36588344569732,9.832690220475582
广西壮族自治区,450000,自治区,柳州市,450200,地级市,6.491748003549127,6.756328975687491,6.55884186832008,9.100933470755503,8.92596804320873,9.3367171784659,8.765111191061036
广西壮族自治区,450000,自治区,南宁市,450100,地级市,7.097671358253076,7.604646621276471,7.730204951003864,8.282106386454545,8.747413653327673,9.142468773219624,8.774794039184444
广西壮族自治区,450000,自治区,钦州市,450700,地级市,7.929351815148883,9.6263451442167,9.302117138539035,9.474666581920824,9.67137838566775,10.17898538126978,10.06652244984762
广西壮族自治区,450000,自治区,梧州市,450400,地级市,7.393870790476843,7.650236222250628,7.41857592021222,7.625272801749014,8.138610261593062,8.519844782738803,8.129825915231292
广西壮族自治区,450000,自治区,玉林市,450900,地级市,7.834908096593207,8.094031826017702,7.806094012952663,8.016355053328653,9.11393939745294,9.63944372754227,9.367406774214905
贵州省,520000,省,安顺市,520400,地级市,7.332940856318492,7.530447642155242,7.291078573060386,7.680302698924963,7.349389972800134,7.329971366588439,6.865367510313806
贵州省,520000,省,毕节市,520500,地级市,6.911209448787099,6.87434397067371,6.647796244984079,6.939079619780718,6.905253065272141,6.711584015474973,6.434866227484801
贵州省,520000,省,贵阳市,520100,地级市,8.002950617423098,8.244435102951556,8.430314263501554,8.836327025465815,8.386859244079176,8.656447071711154,7.944588391885229
贵州省,520000,省,六盘水市,520200,地级市,8.193789948768002,8.143881870815799,7.748506557109147,8.03908222211991,8.045854604544118,7.857739391577158,7.507985516078189
贵州省,520000,省,黔东南苗族侗族自治州,522600,自治州,6.347027210918737,6.498252876223282,6.230851246773427,6.289851224640846,5.920494832850331,5.896855596340897,5.595773483209346
贵州省,520000,省,黔南布依族苗族自治州,522700,自治州,7.258666113160684,7.55340094925675,7.346698463485065,7.736034811691582,7.127719522429306,7.369248115126364,6.832161579719559
贵州省,520000,省,黔西南布依族苗族自治州,522300,自治州,7.542858184066088,7.633745288869863,7.263723407530877,7.595792691607484,7.495717198918936,7.403089626770766,7.024496660572464
贵州省,520000,省,铜仁市,520600,地级市,5.658510508346604,5.788909354270738,5.739643967421398,5.477949821929093,5.32899059410792,6.310204837607595,6.381829839345317
贵州省,520000,省,遵义市,520300,地级市,6.277187361301616,6.422597473125055,6.446013981187891,6.586176628049401,6.324609034771753,6.235147500795049,6.181840874547865
海南省,460000,省,白沙黎族自治县,469025,省直辖县,10.057601532293916,9.89925454823208,9.756105215554715,9.360043336742276,9.331308868354188,9.52359717597743,9.23119761864279
海南省,460000,省,保亭黎族苗族自治县,469029,省直辖县,13.66316349157265,13.351676949386537,13.867660739805569,13.535164171305205,12.825454337457348,13.238887537473875,13.15087383063356
海南省,460000,省,昌江黎族自治县,469026,省直辖县,12.443781660766742,12.265270967633311,11.903930120491944,11.323706833840356,11.259924883494651,11.637279465068197,11.060337544022554
海南省,460000,省,澄迈县,469023,省直辖县,9.80272914788281,9.733700725387424,9.697673970327967,9.25120979004392,9.224929067224352,9.691152548340408,9.132943250692424
海南省,460000,省,儋州市,460400,地级市,8.384860321902377,8.256734161034892,8.040440750323912,7.588046921907803,7.734971843921397,7.776015998877891,7.578079129175616
海南省,460000,省,定安县,469021,省直辖县,9.343785107089795,9.258660656472545,9.15543368885211,9.899484782860936,9.81503421212745,10.425332050340003,9.74255701888425
海南省,460000,省,东方市,469007,省直辖县,13.584748126545673,13.390893080040035,12.833888226736658,12.130015626049422,12.101155716318624,12.560954876114534,11.839411031432215
海南省,460000,省,海口市,460100,地级市,10.87075687325981,11.174420924725274,11.892221509890769,11.570490253211693,11.264250211723022,12.194101683536008,11.191940273006653
海南省,460000,省,乐东黎族自治县,469027,省直辖县,12.944476078057557,12.620456528417987,12.727516673941292,12.32057789024025,11.963759056093863,12.36126955534312,12.066630502321123
海南省,460000,省,临高县,469024,省直辖县,8.823548310463726,8.728752376249538,8.514124078811042,7.942043141823507,8.06669201731112,8.251028693058819,7.986154505787677
海南省,460000,省,陵水黎族自治县,469028,省直辖县,13.247904190446327,13.02604519521445,13.422958076993597,13.199859468904076,12.53964798898775,12.977930652492129,12.783774784733533
海南省,460000,省,琼海市,469002,省直辖县,8.276659989019748,7.997953855253939,7.601056260061119,9.298970472867184,9.2786471628043,9.77744956692232,9.164986611231942
海南省,460000,省,琼中黎族苗族自治县,469030,省直辖县,10.179491553835945,9.989036298711826,9.978607091279573,9.991413126275392,9.82596786020625,10.125786078765906,9.8159053500279
海南省,460000,省,三沙市,460300,地级市,13.127445797343974,12.74409225408808,12.135687500600245,13.193312880988737,12.705892005554729,11.504730015300328,12.431651519248923
海南省,460000,省,三亚市,460200,地级市,13.97164159434834,13.553678767125485,14.182067627441535,13.84553374047298,13.10745009488947,13.503810232275056,13.508276600454304
海南省,460000,省,屯昌县,469022,省直辖县,9.212353385226717,9.081611820121664,8.905990799675608,9.224578444599487,9.198505860886796,9.595306879743118,9.130645136697291
海南省,460000,省,万宁市,469006,省直辖县,10.124378465255427,9.893137891563748,9.779087721463782,10.561752085440954,10.35225057932564,10.813521577255663,10.347490480009697
海南省,460000,省,文昌市,469005,省直辖县,10.255759706121834,10.43825219251606,10.763392878561076,10.896200124234385,10.685336672522252,11.446537289683924,10.69640257301718
海南省,460000,省,五指山市,469001,省直辖县,12.156920792528847,11.871935023603855,12.114835064647728,11.843620028974168,11.425866503894197,11.776162916194483,11.575185490036564
河北省,130000,省,保定市,130600,地级市,9.305379170041016,9.325698195133665,9.101615358048496,9.109452983603704,8.859746327227672,8.704637922670495,9.046970493564276
河北省,130000,省,沧州市,130900,地级市,9.312973184947284,9.28662812443314,9.16127830921183,9.28792309388534,8.927191699301128,8.630545205503998,8.899527119018913
河北省,130000,省,承德市,130800,地级市,9.46126001203961,9.67998791541279,9.592377482282938,9.48492278237438,9.158753916072552,9.020816294320142,8.896821543027482
河北省,130000,省,邯郸市,130400,地级市,10.05867196344358,9.993722792583114,9.785370440614932,9.991378409772574,9.700388604011918,9.56113483338986,9.683921421807586
河北省,130000,省,衡水市,131100,地级市,9.358183958885013,9.289483728200404,9.105379510477531,9.241321905836712,8.802045272215045,8.64054022330987,9.006115978215835
河北省,130000,省,廊坊市,131000,地级市,9.88032979941672,10.01950789445032,9.928514197608967,9.91094978849756,9.648380063007249,9.267531878439184,9.431033867390909
河北省,130000,省,秦皇岛市,130300,地级市,9.046055833111778,9.360837717447568,8.917208087428977,8.925109533848715,8.975948779669174,9.049842616665982,8.664148667258631
河北省,130000,省,石家庄市,130100,地级市,9.242332093373044,9.375274832582347,9.295160027470024,9.249243655680548,9.284546725640627,9.114727783061223,9.564997427817506
河北省,130000,省,唐山市,130200,地级市,8.85912614350642,9.428409901457242,9.126641293296682,9.292870547966745,9.145855815710986,8.857966483400004,8.754918375352439
河北省,130000,省,邢台市,130500,地级市,10.582002138822183,10.540148919825848,10.361978855049475,10.369023149351928,10.190034610793402,9.90393133957048,10.31098439739691
河北省,130000,省,张家口市,130700,地级市,10.320121362672053,10.622692631824522,10.379698086022142,10.4001577544788,9.751417855660875,9.675323877235792,9.932343266655634
河南省,410000,省,安阳市,410500,地级市,9.751737890954152,9.616205720567953,9.379080144440216,9.712935271981074,9.365367498175509,9.218094397618003,9.016025397066784
河南省,410000,省,鹤壁市,410600,地级市,9.750774929494549,9.5785302739208,9.350495202187451,9.69256067779981,9.3828545666352,9.218704191542615,8.920331576060853
河南省,410000,省,济源市,419001,省直辖县,8.05069121574143,8.194112112220278,9.714505210221954,9.974757758540658,9.774791105580965,9.338807735670049,10.06514131985279
河南省,410000,省,焦作市,410800,地级市,8.489450579253187,8.589933282530927,9.303848006586527,9.602424170823207,9.262791667423445,8.913330493498195,9.54617634348721
河南省,410000,省,开封市,410200,地级市,8.565620203621974,8.770070645818116,8.545845399239203,8.914957007443778,8.340585875530357,8.09917178837438,8.787966617214632
河南省,410000,省,洛阳市,410300,地级市,8.431870144913294,8.528527262458718,9.51297745040246,9.781388473293068,9.450191471675828,9.005759464225573,9.688703175605776
河南省,410000,省,漯河市,411100,地级市,8.062597296035811,8.141944087587952,8.008703133818738,8.333423382700387,7.871970103412649,7.629743332602872,8.159720953824763
河南省,410000,省,南阳市,411300,地级市,8.408264045181257,8.571611370225986,8.400250221463043,8.696313348145095,8.276719780498324,7.818672378677955,8.24473464610841
河南省,410000,省,平顶山市,410400,地级市,8.441158813912418,8.531081136086428,8.747034924138829,9.032003214041506,8.605784727977039,8.23973937067907,8.805902274799235
河南省,410000,省,濮阳市,410900,地级市,9.33233984210194,9.52132199554489,9.29806996397082,9.641436585080552,9.004122073427041,9.132446873182245,9.441644213239693
河南省,410000,省,三门峡市,411200,地级市,8.966089360730622,9.090959955711796,9.11004442257452,9.435268339072104,8.906782046378,8.53546930025921,9.109567986805914
河南省,410000,省,商丘市,411400,地级市,8.5939553960506,8.895235571472384,8.604397119904608,8.8731406393949,8.261801926846664,7.970790120789761,8.520243751754709
河南省,410000,省,新乡市,410700,地级市,9.08713799491709,9.145331070884511,9.031972908409118,9.369613829086578,8.907660023936163,8.686652219595357,9.060307605063151
河南省,410000,省,信阳市,411500,地级市,7.991592500423889,8.184335744292525,7.76922977718589,8.057898563267429,7.668798695977778,7.226938718538633,7.526017371043913
河南省,410000,省,许昌市,411000,地级市,8.394582042492843,8.549876927919755,8.463849263413945,8.818282183918761,8.291267727646416,8.000709899145518,8.785146504010248
河南省,410000,省,郑州市,410100,地级市,8.701663662171535,8.866530391533027,9.041376510155237,9.379152226507784,8.84121685997109,8.52778226430457,9.466644904780557
河南省,410000,省,周口市,411600,地级市,7.829230059343866,8.066743788650516,7.834287281019396,8.202427356577951,7.758433999107297,7.458013770651727,8.002910376755695
河南省,410000,省,驻马店市,411700,地级市,8.216616543830295,8.202148625647366,7.952684148523864,8.193203920242214,7.710697872708165,7.543407158414345,7.841852234463257
黑龙江省,230000,省,大庆市,230600,地级市,10.086723451975452,10.379980106195063,10.494088616077152,10.372694473902516,10.609308793814352,10.127292672970189,10.008861369195916
黑龙江省,230000,省,大兴安岭地区,232700,地区,8.59760647790836,8.806366922346859,8.942526049170871,8.549245565884217,8.653470840746706,8.284467947274019,8.288980864859582
黑龙江省,230000,省,哈尔滨市,230100,地级市,10.347109737197398,10.816570206526126,11.01332519129197,10.77936227956652,10.977624510063531,10.376120473548797,9.877131408257238
黑龙江省,230000,省,鹤岗市,230400,地级市,9.845434687971292,9.944906429414209,10.047417285955037,9.887693252608294,9.939275545627536,9.762912595614726,9.507266860568304
黑龙江省,230000,省,黑河市,231100,地级市,9.49967859652613,9.459804655383223,9.578607829188607,9.71896179293096,9.960814028527912,9.663218267264725,9.560879463786604
黑龙江省,230000,省,鸡西市,230300,地级市,10.266450046368185,10.435459064693882,10.668767711292798,10.460178422100393,11.75847457516376,11.189561065298774,11.027438537793506
黑龙江省,230000,省,佳木斯市,230800,地级市,9.985383801233128,10.4415208401271,10.38960796775294,10.373315734894245,10.705650087753227,10.339556716435595,10.07039292154797
黑龙江省,230000,省,牡丹江市,231000,地级市,11.045518734888493,11.329573705027274,11.861609546777002,11.408237131033673,11.578761869555642,10.958917986751912,10.56700021829995
黑龙江省,230000,省,七台河市,230900,地级市,11.907825367440982,12.013215616038172,12.43049782853109,12.022544631405122,12.375607990438937,11.622854627857514,11.289329462848128
黑龙江省,230000,省,齐齐哈尔市,230200,地级市,9.762085149296274,10.000743734944814,10.124959316228924,10.724778298154,11.172757462724311,10.426958352858708,10.300626896209486
黑龙江省,230000,省,双鸭山市,230500,地级市,9.864466019193692,10.179411042718389,10.283385770411265,10.140416253917868,10.67923107543102,10.183020086338445,10.173873956261565
黑龙江省,230000,省,绥化市,231200,地级市,10.953293375672716,10.694506254764953,10.739872225229313,10.774952730058274,11.07164880458948,10.482491963922238,10.21224134520562
黑龙江省,230000,省,伊春市,230700,地级市,8.901240515152208,9.17068680387904,9.267662987586634,9.161788791492596,9.27374839176362,8.804330668924855,8.502550419476034
湖北省,420000,省,鄂州市,420700,地级市,8.343785680827585,8.941001666196506,8.64885505833487,9.02295572275698,8.629582710396692,8.3329981865121,8.317856381554696
湖北省,420000,省,恩施土家族苗族自治州,422800,自治州,5.718970308378658,5.790295085730577,5.499860668037287,5.63531312624315,5.468972501643069,5.146947749131747,5.222415616959593
湖北省,420000,省,黄冈市,421100,地级市,8.836009499796628,9.219500717920347,8.850229928563104,9.122100697538947,8.827386856049996,8.629403298970795,8.515907823261532
湖北省,420000,省,黄石市,420200,地级市,8.550082598614683,8.891967151675251,8.54998156418636,8.731574661382387,8.466937080670295,8.372841638888062,8.10555152100683
湖北省,420000,省,荆门市,420800,地级市,7.531868152537806,9.53997993811224,9.187107509191804,9.478172959656002,8.903896892789481,8.363056301476723,8.779169392329129
湖北省,420000,省,荆州市,421000,地级市,8.441100947511675,8.800906062123616,8.478694550222716,8.73890195625323,8.22608429250905,7.805547601282351,8.093140637055585
湖北省,420000,省,潜江市,429005,省直辖县,8.07540156671915,8.933775182404487,8.606252342259507,8.923674680857962,8.373237266950838,7.880947855947273,8.235216915977203
湖北省,420000,省,神农架林区,429021,省直辖县,6.280532059261832,6.374517793025333,6.091073882764768,6.500851801505701,6.284003172883593,6.00013928393465,6.113255570744247
湖北省,420000,省,十堰市,420300,地级市,6.922178743163311,6.982218461163039,6.689224391942742,7.076139578250602,6.819995227233409,6.515524071820793,6.770979169925446
湖北省,420000,省,随州市,421300,地级市,7.614505972846816,8.316628750655255,8.027265604208164,8.370139057948219,7.835439842118847,7.372132707255902,7.689246378921177
湖北省,420000,省,天门市,429006,省直辖县,7.90012073809751,9.22681338032585,8.91318787044137,9.236093785231372,8.686560841381484,8.208323096987323,8.542898141437263
湖北省,420000,省,武汉市,420100,地级市,8.257597078733262,9.049807015725133,8.860908319596332,9.40933150621175,8.924365091534058,8.5103198609138,8.62953177619751
湖北省,420000,省,仙桃市,429004,省直辖县,8.336134876331865,9.14401489056484,8.88007647182822,9.20238802868513,8.677252248732522,8.261063834417053,8.481383096709006
湖北省,420000,省,咸宁市,421200,地级市,8.166383402616187,8.579508338791964,8.247395609320382,8.44725985989907,8.034038057812252,7.868361177220025,7.755305479326494
湖北省,420000,省,襄阳市,420600,地级市,7.057646568111146,7.530192276152096,7.249466844273591,7.52192943615439,7.167552031283637,6.757002165442866,6.965262695871923
湖北省,420000,省,孝感市,420900,地级市,8.025178494255291,8.850363736631694,8.614646666465676,9.093505014839836,8.569649697065564,8.114245834296458,8.360322556506873
湖北省,420000,省,宜昌市,420500,地级市,6.952500524644468,7.187667016103578,6.911245538543806,7.063094893928414,6.802575950336712,6.46260541785866,6.62019202893967
湖南省,430000,省,常德市,430700,地级市,8.70314924447556,8.863472687061888,8.398914905061917,8.516508797896023,8.074359977373096,7.513081040047195,8.269272955014634
湖南省,430000,省,郴州市,431000,地级市,7.323575373663526,11.29114525422082,11.065913303619912,10.82442165036715,10.598804880777198,11.840177278294767,10.557640208911783
湖南省,430000,省,衡阳市,430400,地级市,12.173604332387647,13.50071156525565,12.63444763104967,12.615233796482258,12.5050522761146,13.653256877241931,12.358599827424584
湖南省,430000,省,怀化市,431200,地级市,6.298340019517015,6.554324975440056,6.281031963301725,6.384324466306574,6.09112045561545,5.696232480112458,5.762502314777787
湖南省,430000,省,娄底市,431300,地级市,9.394979795079868,9.75556909295721,9.171254828086358,9.273789187807225,9.030133225385615,9.101071240498662,8.729485318145398
湖南省,430000,省,邵阳市,430500,地级市,6.990363835551618,7.265431439327896,6.89624867726803,7.109935238508164,6.906971455961423,6.808379235275602,6.464427716476981
湖南省,430000,省,湘潭市,430300,地级市,12.784495933967424,13.28363740687434,12.567017933352174,12.743364346652356,12.533978368785236,12.96020455312664,12.068460469027778
湖南省,430000,省,湘西土家族苗族自治州,433100,自治州,5.877576938608492,6.032779524347053,5.786393067985175,5.771542671682302,5.566445206178191,5.133445377915325,5.450084538380027
湖南省,430000,省,益阳市,430900,地级市,9.277616426641892,9.505995021837103,9.101696908899674,9.233245087050715,8.830242832989835,8.475027788606464,8.66594246592005
湖南省,430000,省,永州市,431100,地级市,8.010461256906844,8.855037008996563,8.57230434391066,8.620270031886056,8.419006299539893,8.761566270620955,8.062786777346595
湖南省,430000,省,岳阳市,430600,地级市,9.494941764396993,9.71296920095379,9.438292668761592,9.575511985839556,9.104596560388195,9.01577088036722,8.931495424225501
湖南省,430000,省,张家界市,430800,地级市,6.348396958296656,6.459408291895897,6.099106040925919,6.135773814425479,5.853666761524629,5.142065576589019,5.480005587601674
湖南省,430000,省,长沙市,430100,地级市,9.587759625245017,10.114074917827756,9.95960411116896,10.251313790642795,9.795485501224167,9.7179846745538,9.433797328494157
湖南省,430000,省,株洲市,430200,地级市,10.195163887596904,11.200162890996014,10.713579340170742,10.82690389293394,10.616670586287505,11.318682759929338,10.499388072841343
吉林省,220000,省,白城市,220800,地级市,10.18508973554874,10.56359029766263,10.82467351442529,10.501095524120654,10.577520068036112,9.911861329662264,9.866153270447128
吉林省,220000,省,白山市,220600,地级市,7.321017344021293,7.491927298025082,7.064490764438904,7.044507326662984,7.168456709422822,7.268306582428685,7.07585296680858
吉林省,220000,省,吉林市,220200,地级市,9.028773117197728,9.207570553510871,9.266172931785398,9.155182608894089,9.257824854615322,8.969612753320444,8.711483982741095
吉林省,220000,省,辽源市,220400,地级市,8.763131796185482,9.31090168026306,9.24990024022759,9.181760392317472,9.16912172370219,8.694467969832214,8.679902631119187
吉林省,220000,省,四平市,220300,地级市,9.720851394834355,10.97142040656672,11.100641625786492,11.019365900799016,10.911085774824272,10.333641027288277,10.472604613984592
吉林省,220000,省,松原市,220700,地级市,10.32467485448539,10.497275070625191,10.661566633027102,10.4118410090574,10.441812078683103,10.09422755894342,10.03739274075022
吉林省,220000,省,通化市,220500,地级市,7.723670166579914,7.948885151712863,7.383649014707812,7.248851209484906,7.197724313239264,6.969072084398802,6.827382080436958
吉林省,220000,省,延边朝鲜族自治州,222400,自治州,9.807733615041643,9.86878929947694,10.210776988523868,9.85828170954156,9.89599187826841,9.741903150754649,9.638553319620062
吉林省,220000,省,长春市,220100,地级市,10.516261310090457,10.914820105933908,11.019689811361424,10.92546663170003,10.9568515294177,10.555201279979316,10.460561837648791
江苏省,320000,省,常州市,320400,地级市,8.432155391102608,8.465402935368637,8.312194060946462,8.372375841777803,7.955659009147044,7.74426927641421,7.680412148253584
江苏省,320000,省,淮安市,320800,地级市,8.634567176579942,8.857479350067674,8.586198194631127,8.962843419458139,8.290550967971095,8.521406437769786,9.045058849508797
江苏省,320000,省,连云港市,320700,地级市,9.086505194990195,9.153691216272083,9.06913401026052,9.387724331732326,8.895825024844939,8.756185077623957,9.477652074992196
江苏省,320000,省,南京市,320100,地级市,9.51218848683778,9.730805247858488,9.447160618179968,9.56263746407078,9.01276268552622,8.862669370304559,9.201259733189044
江苏省,320000,省,南通市,320600,地级市,10.651274785743215,10.995003384502432,10.78624479018816,11.214636479773144,11.392531080248409,11.158304435901828,11.333446937153308
江苏省,320000,省,苏州市,320500,地级市,10.851930857402824,11.210752841462678,11.1464440809023,11.449618757138818,10.98664128123523,10.862018194628872,10.974328628267669
江苏省,320000,省,宿迁市,321300,地级市,8.541684241426353,8.733106926776777,8.50540123657956,8.870921959944974,8.23409939967077,8.357462009650545,8.95029061098104
江苏省,320000,省,泰州市,321200,地级市,9.415261668969906,9.611349471568252,9.310099072452791,9.552133938165133,8.788546242194787,8.815312627581754,9.021592323444798
江苏省,320000,省,无锡市,320200,地级市,9.270586746737225,9.426185191735737,9.306178848622572,9.466769245987264,9.047203712383428,8.833762994029616,8.834125813539808
江苏省,320000,省,徐州市,320300,地级市,8.185045071776905,8.300110038313392,8.103572575106497,8.28620665676228,7.837800679889225,7.626548070658249,8.203999889948784
江苏省,320000,省,盐城市,320900,地级市,9.742403576658432,9.947585166892193,9.456528904401642,9.57642627507384,8.913840051196766,9.326897374956555,9.777060427145704
江苏省,320000,省,扬州市,321000,地级市,9.169679595564716,9.3712728774721,9.104278801154276,9.361272388451162,8.718134932257701,8.732204622458516,9.065209624162796
江苏省,320000,省,镇江市,321100,地级市,9.130287072682489,9.321679386711333,9.127829175887944,9.280398513692576,8.753751757350997,8.55867878210022,8.737006707036741
江西省,360000,省,抚州市,361000,地级市,7.552318423477115,7.620801836348192,7.904371089888841,7.849369290104225,7.734052246852332,8.005478142297761,7.835637915368489
江西省,360000,省,赣州市,360700,地级市,5.962148441211646,6.087861597036147,6.376634981979753,6.333202930816573,6.564063869259755,7.034809554422105,6.641653029525072
江西省,360000,省,吉安市,360800,地级市,6.974226868097175,7.093255031025674,6.903317655075922,6.942669869030775,6.839387916681257,7.146253933646917,6.790625974456769
江西省,360000,省,景德镇市,360200,地级市,6.553470485564138,6.156048915259449,5.948222685608908,6.212558593878354,5.788919061955946,6.053174285412109,9.003783569011707
江西省,360000,省,九江市,360400,地级市,8.887089209459617,9.06057777222383,8.684607203805369,8.663170989647748,8.53476826133395,8.643076719980352,8.096719624221452
江西省,360000,省,南昌市,360100,地级市,7.150928110962306,7.290702745230926,7.081357699840502,7.041843110470248,6.876319436963704,7.132339932023173,7.166298711787758
江西省,360000,省,萍乡市,360300,地级市,8.519048301114118,9.068355811290662,8.683122623910625,9.001873926153717,8.618970538122328,9.05605244599784,8.643689983379586
江西省,360000,省,上饶市,361100,地级市,7.428599863922167,7.299771247790465,7.145672914756515,7.192419222955486,6.924402884407806,6.942841107812265,7.997359940874736
江西省,360000,省,新余市,360500,地级市,7.249825500903535,7.377762138426311,7.064808884213398,7.386557191165529,7.053877769247834,7.338913835182816,7.110048614033361
江西省,360000,省,宜春市,360900,地级市,7.358123976325069,7.539203092494184,7.260575231685293,7.460228594137566,7.155008799625757,7.369919847971006,7.196609432376163
江西省,360000,省,鹰潭市,360600,地级市,7.219813431166574,7.249137156848684,7.183861293189728,7.201080531230029,6.992780327741562,7.107655003342973,7.537994403739235
辽宁省,210000,省,鞍山市,210300,地级市,10.164048321351268,10.08172419105492,9.783243207865478,9.731044585713375,9.732879793663177,8.96559425069637,8.712348217058137
辽宁省,210000,省,本溪市,210500,地级市,7.976331273099515,8.152565253420054,7.807237797809531,7.782837249739537,7.749913897652581,7.348932237984815,7.330321206956895
辽宁省,210000,省,朝阳市,211300,地级市,10.073704503941451,10.106252135287225,9.907870746018874,9.88888613886479,10.010196876040547,10.05664397019404,9.784374259837602
辽宁省,210000,省,大连市,210200,地级市,12.019531318468324,11.887387376949093,11.668947194347584,11.590289304699011,11.618854899765315,10.912731149007756,10.810887957537371
辽宁省,210000,省,丹东市,210600,地级市,8.028231622531427,8.186357925862154,7.972410736704333,7.790147811297557,7.815844806608363,7.42303532364257,7.407556061988023
辽宁省,210000,省,抚顺市,210400,地级市,8.267917606583701,8.314822089427821,8.17938683466348,8.091098871792466,8.160099325065259,7.616549633811454,7.591454200348496
辽宁省,210000,省,阜新市,210900,地级市,10.61793142662605,10.663427738855956,10.580152775881093,10.68359953534782,10.475213560164551,10.157591358299369,9.98489879919029
辽宁省,210000,省,葫芦岛市,211400,地级市,10.263383585015095,10.201488210889424,9.70607078642785,9.648615701333975,9.709137685025093,9.65787499296036,9.317963167704628
辽宁省,210000,省,锦州市,210700,地级市,10.769836756882103,10.480323548373004,9.846752237498745,9.729120022625894,9.74427546603099,9.27531797471716,9.006307118875801
辽宁省,210000,省,辽阳市,211000,地级市,9.488639180137596,9.455772994236556,9.274605473856637,9.348610889823968,9.369953685782844,8.811217318872103,8.746838659765782
辽宁省,210000,省,盘锦市,211100,地级市,11.96038047397173,11.628466747848613,11.090527397515118,10.978740133484877,10.959478486314309,9.782177026145709,9.149045156327446
辽宁省,210000,省,沈阳市,210100,地级市,9.900073903011236,9.941527514639349,9.827642485647182,9.932059122087676,9.884113435615264,9.36575634406866,9.327254849049751
辽宁省,210000,省,铁岭市,211200,地级市,9.061194893178085,10.003298942586117,10.034837709373038,10.010174319287152,9.955528337833648,9.345730698877928,9.469225461503893
辽宁省,210000,省,营口市,210800,地级市,12.1872695202066,11.887009861367536,11.416984906175022,11.300094633361152,11.270607055137049,9.856155861510274,9.165671836016546
内蒙古自治区,150000,自治区,阿拉善盟,152900,盟,12.85642400740616,12.707146867319455,12.199322667396816,12.841628628141653,12.393245658968144,11.934575727240755,12.876268808782491
内蒙古自治区,150000,自治区,巴彦淖尔市,150800,地级市,13.546084626596004,13.46140600226492,12.92325265432556,13.560920660251652,12.91362204882195,12.722333367197646,13.610167157709888
内蒙古自治区,150000,自治区,包头市,150200,地级市,12.341501273788053,12.441392524833407,12.124206193618434,12.600506878683838,11.927283955028772,11.827817499020878,12.614892626432606
内蒙古自治区,150000,自治区,赤峰市,150400,地级市,10.028434194450416,10.38298361665503,10.548387974344688,10.50372216719005,11.67662633771154,11.529713050510034,11.511278786664626
内蒙古自治区,150000,自治区,鄂尔多斯市,150600,地级市,10.150813112428136,10.124935016113351,9.640456436953803,10.050571498882364,9.562656858246497,9.25026386603287,9.927221128656388
内蒙古自治区,150000,自治区,呼和浩特市,150100,地级市,11.061394986014816,11.07257081866492,10.825414136755118,11.145589723451105,10.63462928002759,10.727972249800334,11.234912085225066
内蒙古自治区,150000,自治区,呼伦贝尔市,150700,地级市,10.762651651706772,10.803543342829183,10.938514384929858,10.438949897295752,10.731648846025587,10.153558450702125,10.260833203077016
内蒙古自治区,150000,自治区,通辽市,150500,地级市,9.50695906356338,9.771032030192975,9.959995835261884,9.878169606494655,10.056387580732023,9.893386489224472,9.711503491521642
内蒙古自治区,150000,自治区,乌海市,150300,地级市,10.668554256732662,10.51223596250219,10.069056167559395,10.551769933217672,10.128212187370526,9.66612757965915,10.41753879284724
内蒙古自治区,150000,自治区,乌兰察布市,150900,地级市,12.28132556914159,12.494977929376953,12.127486022027302,12.53525411735477,11.857215171248626,11.8979312973212,12.418299008336948
内蒙古自治区,150000,自治区,锡林郭勒盟,152500,盟,12.419318398171026,13.345267099527282,13.313464779983311,13.413502275719011,13.008200047447392,12.7361667369479,12.824915128573132
内蒙古自治区,150000,自治区,兴安盟,152200,盟,9.785493034238796,9.951399920974264,10.20543831522877,9.807195726024034,10.155713273501702,9.635429544663175,9.80131139932614
宁夏回族自治区,640000,自治区,固原市,640400,地级市,8.630590570470364,8.904261609332849,9.145811966897917,9.20910783383436,8.969967089439233,8.909983513147573,9.091253606866625
宁夏回族自治区,640000,自治区,石嘴山市,640200,地级市,9.160886365727732,8.995770423624563,8.614634474461317,8.97092955653375,8.680540697568388,8.134321169662266,8.65491607409534
宁夏回族自治区,640000,自治区,吴忠市,640300,地级市,8.527346123482204,8.414778884812398,8.023821729285372,8.28467300343388,8.07634202522915,7.706400672488714,8.081506137395623
宁夏回族自治区,640000,自治区,银川市,640100,地级市,7.606582117309016,7.465591241686205,7.076676932826576,7.280756236871132,7.105219965487264,6.505859195835653,6.760460021591697
宁夏回族自治区,640000,自治区,中卫市,640500,地级市,9.127906123156432,9.101036126722107,8.786516251235012,9.040874791233271,8.808079728993562,8.557297460944598,8.715233466643893
青海省,630000,省,果洛藏族自治州,632600,自治州,8.860888857718875,8.838465831016395,8.290583929773948,7.984906506862719,8.159661097047671,8.129025879077545,8.321790298518634
青海省,630000,省,海北藏族自治州,632200,自治州,10.223670027802957,10.491771006009404,9.807487845902155,9.807910674204246,10.33885776956282,9.977360925512489,10.247602112294876
青海省,630000,省,海东市,630200,地级市,8.997592605394019,9.013360272987976,8.507515377977215,8.423310678882052,10.649223424650684,10.37637208448566,10.586093700622444
青海省,630000,省,海南藏族自治州,632500,自治州,8.441641467896053,8.536441668670598,8.031476024272457,7.925586979478364,8.418481678406136,8.160414415514035,8.25962504303014
青海省,630000,省,海西蒙古族藏族自治州,632800,自治州,10.342979821338837,10.286589517399202,9.875225570155528,9.779346223881536,9.548029849815482,9.043259197956065,9.08394094314096
青海省,630000,省,黄南藏族自治州,632300,自治州,8.363366173578108,8.32928531105937,8.000684169996363,7.936208263582715,8.30019085403455,8.009611592687792,8.224486709177866
青海省,630000,省,西宁市,630100,地级市,7.157314127206246,7.055066527512619,6.523833028598965,6.2936292885837,10.014162530146391,9.68726685362532,9.614607406203644
青海省,630000,省,玉树藏族自治州,632700,自治州,10.450393955476976,10.398477215897971,10.042734296809208,10.069851950256854,9.872026912981289,9.418588312451222,9.318587798825067
山东省,370000,省,滨州市,371600,地级市,9.4035296469277,9.339483870761503,9.140984808566,9.378611821166055,8.845658085600167,8.555974279785847,8.931331711144797
山东省,370000,省,德州市,371400,地级市,9.861464807957727,9.807600756891365,9.547143959537175,9.933618191291862,9.165150975747965,9.008764373435168,9.587405547935235
山东省,370000,省,东营市,370500,地级市,9.547276780817343,9.625227401582386,9.386743669888494,9.599541061760656,9.066475936240796,8.826504990202132,9.15766979181167
山东省,370000,省,菏泽市,371700,地级市,8.93265823696444,9.216526654346882,8.925849141554515,9.264167144023288,8.55507287515885,8.394305302219722,8.856166493458527
山东省,370000,省,济南市,370100,地级市,11.13450269348228,11.290816653517211,11.213111872890137,11.341325379876965,10.22114488629376,10.109622085853603,10.7966416882518
山东省,370000,省,济宁市,370800,地级市,8.592767145903473,8.813220276543976,8.616854699442158,8.747690951241724,8.139972263591497,7.880241286552341,8.916023224399611
山东省,370000,省,聊城市,371500,地级市,9.575015688319889,9.74101940842981,9.578098114891892,9.919518812789027,9.192920788711294,9.49637245000997,9.88312660374
山东省,370000,省,临沂市,371300,地级市,8.336652497767698,8.42789960042416,8.214981979899255,8.318611393061534,7.931021481438765,7.674037615948604,8.345645460156437
山东省,370000,省,青岛市,370200,地级市,11.01084621431272,11.055180097477782,10.958177956621634,11.2580209337286,10.719904144448051,10.31186722838642,10.924273689939154
山东省,370000,省,日照市,371100,地级市,10.24007551390299,10.311305037372342,10.162845742894024,10.388396254473562,9.83850601428844,9.53405649838576,10.267277817009283
山东省,370000,省,泰安市,370900,地级市,12.802731187265426,13.086443078715003,13.089697441380272,13.13613941067521,12.062757800894753,12.061771159984229,13.119513681043852
山东省,370000,省,威海市,371000,地级市,14.045332457765593,14.092705323155746,13.914029450111844,14.08478578131359,13.861459074896134,13.435425466096335,13.429263362125496
山东省,370000,省,潍坊市,370700,地级市,8.992778011207506,9.066592432673389,8.77923263348841,8.986149767759896,8.490096299067721,8.170317342220459,8.67809766567009
山东省,370000,省,烟台市,370600,地级市,11.436262242827448,11.310550096499176,11.159457620022447,11.395532014481557,11.121790568994903,10.625950464137956,10.873286225323888
山东省,370000,省,枣庄市,370400,地级市,8.215292807115445,8.356448561481642,8.147269488677452,8.243589866077208,7.78113051502727,7.516780647594645,8.293244645212653
山东省,370000,省,淄博市,370300,地级市,8.868271940580806,9.001639490456313,8.845155615902444,8.981880053520994,8.426575574854189,8.159411829005085,8.634771480695587
山西省,140000,省,大同市,140200,地级市,10.14224674991918,10.225002231612212,9.924090338014388,10.045761115179207,9.570405905386083,9.7426868792106,10.332285027626446
山西省,140000,省,晋城市,140500,地级市,8.218245794981014,8.38300850504087,8.445235524914466,8.791176968368822,8.458418153468216,8.182447073490435,8.541066613319506
山西省,140000,省,晋中市,140700,地级市,9.341160566506437,9.213590245737343,9.034798240081784,9.364001044859918,9.051887803765725,8.721419932207075,9.357946372883532
山西省,140000,省,临汾市,141000,地级市,8.847804965602027,8.803307704141147,8.737809861780049,9.028389644893505,8.569462641116244,8.333798363006474,8.876317181534215
山西省,140000,省,吕梁市,141100,地级市,9.002903932131069,8.780523544295386,8.518870958944328,8.697075146648867,8.345416948016632,8.22657980147373,8.728983079037395
山西省,140000,省,朔州市,140600,地级市,10.637739145129236,10.709703443909692,10.41530069740433,10.671755587049814,10.188077055639615,10.703665060446063,11.429878418788048
山西省,140000,省,太原市,140100,地级市,9.587977891777998,9.412680777058718,9.053531094349836,9.519859245726686,9.154182097941764,8.900804133972894,9.80571471226701
山西省,140000,省,忻州市,140900,地级市,10.906888077948974,11.012719866814653,10.694548444309865,11.04193932790602,10.56155450806252,11.2556692461985,12.169029621862222
山西省,140000,省,阳泉市,140300,地级市,10.372486459119072,10.48799417659024,10.294782261560895,10.523251902314303,10.29028902271517,10.27981299032557,11.04852987482588
山西省,140000,省,运城市,140800,地级市,9.03303776029378,9.185253593119263,9.024655320383346,9.408674409879644,8.796796741940828,8.510009954422241,9.002226779330886
山西省,140000,省,长治市,140400,地级市,8.891151028374628,8.805149108686093,8.759288985369942,9.075849348546422,8.762805049555148,8.493723339578288,8.862080517075233
陕西省,610000,省,安康市,610900,地级市,6.127937593945918,6.213476764734458,5.859208343124161,6.104279792189479,5.960471418010168,5.659653754942211,5.885854060208575
陕西省,610000,省,宝鸡市,610300,地级市,7.962229697340132,8.185782328419076,7.892799018058083,8.011427926247832,7.781983488452273,7.480030393606802,7.55248279037564
陕西省,610000,省,汉中市,610700,地级市,5.810643997894029,5.950351987484672,5.610386275884473,5.83040168615277,5.722156153107063,5.396932930750412,5.463317451613706
陕西省,610000,省,商洛市,611000,地级市,9.32953764506616,9.48403530325811,9.05658836987274,9.404772992034136,8.93353333493312,8.502027559058439,9.303500190021667
陕西省,610000,省,铜川市,610200,地级市,9.159858010341694,9.34337710755034,8.720420982404388,9.143985081936936,8.695122081813507,8.49981646218197,9.151040517510353
陕西省,610000,省,渭南市,610500,地级市,11.258201791881376,11.486489241427186,10.927285562529692,11.301633214359075,10.64730781708663,10.1335653942655,11.318335509782685
陕西省,610000,省,西安市,610100,地级市,8.8169244720797,8.983549397751585,8.33790015748904,8.772181591231062,8.357187329211508,8.14373119516473,8.740969831706986
陕西省,610000,省,咸阳市,610400,地级市,8.700502517474447,8.89269646815735,8.220326850662035,8.64301849434008,8.272294898869813,8.226040715481224,8.804163395424792
陕西省,610000,省,延安市,610600,地级市,8.849126014602245,8.960200246895191,8.472335213017693,8.82930516754802,8.42157080202581,8.151556496911438,8.62166844563342
陕西省,610000,省,榆林市,610800,地级市,9.469949561611346,9.42722131391003,8.948304747128821,9.31295831201373,8.841638649604242,8.61596032322543,9.18850108110947
上海市,310000,直辖市,上海市,310000,直辖市,12.805266472101394,13.252809505948807,13.245086218991156,13.740439758977304,13.060136398784794,12.970006769672835,13.052449916194826
四川省,510000,省,阿坝藏族羌族自治州,513200,自治州,7.419589996341783,7.350851208036695,7.23683669023616,7.610993449995502,7.484579761606008,7.256671251832132,8.460229168870798
四川省,510000,省,巴中市,511900,地级市,5.452580714147286,5.74437943546686,5.509743507440962,5.67632968167126,5.479406768020358,5.339890835242354,5.319289897500851
四川省,510000,省,成都市,510100,地级市,6.03596378463669,5.963609661468222,5.987712707154576,6.043804193043314,6.010274476184526,5.947258937082764,5.772804502239616
四川省,510000,省,达州市,511700,地级市,5.578633913828521,5.838103269488632,5.607066763568219,5.753785374642634,5.512365971388525,5.427651394139867,5.46036541975063
四川省,510000,省,德阳市,510600,地级市,6.363958443561063,6.409996678622293,6.357142510400116,6.50196384888896,6.406010721245094,6.419995568924175,6.247594351310829
四川省,510000,省,甘孜藏族自治州,513300,自治州,7.795280035025423,7.665412767876799,7.559921955747893,7.841651861707623,7.849676197596445,7.478155678590545,7.500414191061366
四川省,510000,省,广安市,511600,地级市,5.909420479949126,6.806508945292951,6.823254537218597,7.092268443504082,6.805926918290461,6.742745521432784,6.565433763602242
四川省,510000,省,广元市,510800,地级市,5.807773685278415,6.136025706619238,5.972965029669346,6.116171087329451,5.874870608904353,5.801845356824946,5.748931845674883
四川省,510000,省,乐山市,511100,地级市,8.254551882501755,8.49991501592678,8.306277351557974,8.836162274103557,9.3221608393917,8.509094254716395,7.484056377500621
四川省,510000,省,凉山彝族自治州,513400,自治州,7.886721795967786,7.802354486092629,7.587095464102796,7.752888017600711,8.020910884292851,7.404250294460687,7.336003695889485
四川省,510000,省,泸州市,510500,地级市,6.323748296687747,6.455485378201701,6.395528011829671,6.918810454519888,6.797442121269945,6.604426440995083,6.44316609296778
四川省,510000,省,眉山市,511400,地级市,7.084438171659997,7.210019175325872,7.106865176465943,7.291852728298931,7.511753951245645,7.093759798147902,6.44463939569096
四川省,510000,省,绵阳市,510700,地级市,6.698798330375698,6.864601616117273,6.744807765867039,6.923053164063805,6.754446168134765,6.730938656845657,6.809794122302685
四川省,510000,省,南充市,511300,地级市,5.36536117366359,6.372424396640034,6.308315817789477,6.478808335936024,6.156094912940658,6.173580457728056,5.968938587340934
四川省,510000,省,内江市,511000,地级市,6.062951728020271,6.072120457313912,6.077271182740357,6.495178074572856,6.261791253879124,6.183521559666277,5.96180617523888
四川省,510000,省,攀枝花市,510400,地级市,8.27512467783235,8.134669645390549,7.827971582453731,7.821659957950621,8.112498023452138,7.729287321163803,7.724917863349341
四川省,510000,省,遂宁市,510900,地级市,5.825435956565922,6.624008256507622,6.60109122313419,6.905190162130055,6.670276404813698,6.642636942513796,6.391682468775374
四川省,510000,省,雅安市,511800,地级市,7.552228188998797,7.676031177788825,7.419838357850002,7.622731833520002,7.679164429947748,7.211781277701062,6.848565635164109
四川省,510000,省,宜宾市,511500,地级市,5.451019983161041,5.915791659554889,5.796204295855394,7.98204726600575,7.962208967024853,7.76285664658467,7.317548331668902
四川省,510000,省,资阳市,512000,地级市,6.084234007819403,6.269485366203189,6.276078225011756,6.609047211060415,6.41866558512118,6.352200862197487,6.118890116604415
四川省,510000,省,自贡市,510300,地级市,5.837683312345781,6.129287625649456,6.074614025378654,7.388074938895702,7.306668785412788,7.134451352493498,6.745346005658601
台湾省,710000,省,台湾省,710000,不统计,12.203007750528164,12.347405514101087,12.067829874433862,11.740156084809648,11.95572397858699,12.044050898253138,14.650943172990385
天津市,120000,直辖市,天津市,120000,直辖市,10.303429246079046,10.52185794725454,10.43747574710129,10.453574340028624,10.229045416008306,9.825283278541171,9.967690018290702
西藏自治区,540000,自治区,阿里地区,542500,地区,7.02693277732871,6.84583193504582,6.879829893414626,7.016028444760876,6.901855699540652,7.152247377978995,7.001501410440468
西藏自治区,540000,自治区,昌都市,540300,地级市,6.83273462351285,6.626225206173101,6.482054898938958,6.561148293765948,6.576370519189819,6.418064067679701,6.422714977654055
西藏自治区,540000,自治区,拉萨市,540100,地级市,8.907486740116331,8.516892670806168,8.577889152159369,8.684005269199043,8.875816889806739,8.536971765733936,8.380431816202412
西藏自治区,540000,自治区,林芝市,540400,地级市,6.602179872946193,6.466287180284231,6.411016259322166,6.415126346128521,6.690664377587091,7.078972961355903,6.886524160663559
西藏自治区,540000,自治区,那曲市,540600,地级市,10.838280736804364,10.838334713807187,10.693884352538277,10.810714917439087,10.97372327174372,10.681671549093942,10.135469553929124
西藏自治区,540000,自治区,日喀则市,540200,地级市,7.402097208539284,7.326757684210159,7.231786013751105,7.486893169500001,7.402966161256847,7.322000478449682,7.292084696568716
西藏自治区,540000,自治区,山南市,540500,地级市,6.821408649188792,6.765655575296992,6.833491747253012,7.095457184216354,7.088231410219291,6.751404383526143,6.478773945692909
香港特别行政区,810000,特别行政区,香港特别行政区,810000,特别行政区,11.213378268447643,11.67854585592412,11.80680688284658,11.582697433432688,11.915254892368491,12.14831774883863,12.121512396638488
新疆维吾尔自治区,650000,自治区,阿克苏地区,652900,地区,7.288491000634854,7.188900967345869,7.2373873754728,7.439211020391371,7.405350007882023,6.952091618327186,7.468683852325538
新疆维吾尔自治区,650000,自治区,阿拉尔市,659002,省直辖县,6.577205069226216,6.587438260648086,6.783013663860244,6.694251432495372,6.824700826034438,6.150397940224643,7.400390048942281
新疆维吾尔自治区,650000,自治区,阿勒泰地区,654300,地区,9.285267837698408,9.073292869644474,9.479583754188274,9.913307123203332,9.405595373417642,9.201880487251492,9.513810180428518
新疆维吾尔自治区,650000,自治区,巴音郭楞蒙古自治州,652800,自治州,8.72420654330775,8.776134012149729,8.584006660713587,8.792594337149753,8.470955496495064,8.306919480001254,8.358244833964157
新疆维吾尔自治区,650000,自治区,北屯市,659005,省直辖县,8.09026389125165,7.858380216861638,7.853220681972001,8.407971597570247,7.811878531057785,7.708694537846775,7.891393445720071
新疆维吾尔自治区,650000,自治区,博尔塔拉蒙古自治州,652700,自治州,8.540460462931582,8.05244558628325,7.913330880082579,9.56195945672652,10.938418535231673,9.866896390537349,10.625600099945062
新疆维吾尔自治区,650000,自治区,昌吉回族自治州,652300,自治州,9.606589602190336,9.494013948382916,9.423935470323428,9.6791166438155,9.434276369099145,9.411102100853508,9.410851243428716
新疆维吾尔自治区,650000,自治区,哈密市,650500,地级市,13.529708503728278,13.401659964734836,13.570004159295916,13.806762808958384,13.29059110812241,13.099877143994275,13.583414952026628
新疆维吾尔自治区,650000,自治区,和田地区,653200,地区,7.389326984088442,7.289580157664354,7.336612646875644,7.228832236759999,7.49857978272841,7.132664331488562,6.822509998669807
新疆维吾尔自治区,650000,自治区,胡杨河市,659010,省直辖县,9.151628855077243,8.39057015517908,8.439712593392793,9.342809551304056,9.170585532541285,9.116959545872106,9.19608489222068
新疆维吾尔自治区,650000,自治区,喀什地区,653100,地区,7.099657320970993,6.980585940065499,6.930675463110115,6.810115357526987,6.863157393781889,6.468751563522076,6.43199402344099
新疆维吾尔自治区,650000,自治区,可克达拉市,659008,省直辖县,7.044597547865623,6.931234315838253,6.906466920721321,7.529367649132873,7.570496561960137,7.315865237422044,7.415238131426227
新疆维吾尔自治区,650000,自治区,克拉玛依市,650200,地级市,9.664787556687006,8.767862825201808,8.879923169016955,9.609518568380576,9.131518673394025,9.122170223215988,9.214128091916024
新疆维吾尔自治区,650000,自治区,克孜勒苏柯尔克孜自治州,653000,自治州,9.190191761079316,8.977040285172516,9.15586336372622,9.22793356614794,9.014249147000056,8.597914988049014,8.78413959702074
新疆维吾尔自治区,650000,自治区,昆玉市,659009,省直辖县,6.944091801196544,6.962456177166369,7.073346278463584,6.875757209367313,7.132478660827997,6.743157959150032,6.504539393248246
新疆维吾尔自治区,650000,自治区,石河子市,659001,省直辖县,8.648237931172766,8.325832584777517,8.28311786305345,8.923297632557663,8.77849365044983,8.779664434109296,8.774561805756147
新疆维吾尔自治区,650000,自治区,双河市,659007,省直辖县,8.86254682403833,8.239353081745739,8.00272077287701,11.065846250138875,14.5173433073923,13.358314758050454,14.275967665207478
新疆维吾尔自治区,650000,自治区,塔城地区,654200,地区,9.542707844316718,8.945140691575789,8.987702356402977,10.117639847971152,10.362935372634732,10.046578928115792,10.36547471503008
新疆维吾尔自治区,650000,自治区,铁门关市,659006,省直辖县,8.840953173624332,8.78486099248341,8.88326670445663,9.233361941089669,8.973218868700098,9.165454805666228,8.999570523927975
新疆维吾尔自治区,650000,自治区,图木舒克市,659003,省直辖县,6.866248890103041,6.902114381212676,6.489696000974906,6.598432017411806,6.605444968937149,6.198736570619095,6.334135411309315
新疆维吾尔自治区,650000,自治区,吐鲁番市,650400,地级市,10.367114695837058,11.550111999805406,11.454831073822817,11.506054603734473,11.11393325275911,11.10541829964968,11.045666361895751
新疆维吾尔自治区,650000,自治区,乌鲁木齐市,650100,地级市,7.892820355001449,7.828760787335223,7.841356709413092,8.17246926159325,8.082343753082096,8.37632364813475,8.052474370298413
新疆维吾尔自治区,650000,自治区,五家渠市,659004,省直辖县,8.043546991881371,7.707624334741499,7.845573100537942,8.352703246659866,8.29577346028677,8.660327857385653,8.25424970251014
新疆维吾尔自治区,650000,自治区,新星市,659011,省直辖县,9.622781206237644,9.423943011381123,9.6462142292848,9.89199049511351,9.57099737083075,9.500181312182868,10.075898724480682
新疆维吾尔自治区,650000,自治区,伊犁哈萨克自治州,654000,自治州,8.01157549505668,7.711820559861145,7.624025282772902,8.408854666882082,8.466187307596366,8.041167405068988,8.324739678718448
云南省,530000,省,保山市,530500,地级市,6.824211358982514,6.725207390616152,6.447161299155284,6.45066503339082,6.614734009640769,6.226503960438007,7.063551335403969
云南省,530000,省,楚雄彝族自治州,532300,自治州,9.20246495284485,8.977198023890049,8.511918663825016,8.450947673348194,8.900167036177894,8.603117384588108,8.389587850509615
云南省,530000,省,大理白族自治州,532900,自治州,8.222470292251396,7.909728998034293,7.564446221307649,7.70402060941537,7.842213599633923,7.417227030807029,7.596894677717011
云南省,530000,省,德宏傣族景颇族自治州,533100,自治州,5.472220213440632,5.66683012764151,4.960084194161665,4.910208350561123,4.963502635241533,4.477529358006882,4.749462914281504
云南省,530000,省,迪庆藏族自治州,533400,自治州,8.070555361700146,7.535503404866676,7.395842476019532,7.39406147999526,7.441220078043701,7.078733543446446,7.206848835328376
云南省,530000,省,红河哈尼族彝族自治州,532500,自治州,7.629720644840607,8.983529493162088,8.648101402898034,8.955221314707202,9.649071397032412,9.300826660134152,8.880526572530602
云南省,530000,省,昆明市,530100,地级市,11.82812953355361,11.778236899799516,11.208478724322434,11.375371978224196,11.735252915236629,11.47062081415716,11.169987296150744
云南省,530000,省,丽江市,530700,地级市,9.403110984564051,9.020137711491204,8.548185321406729,8.80122805433331,8.991249038706835,8.560356630072835,8.495368159438113
云南省,530000,省,临沧市,530900,地级市,5.513464257526985,5.408456922906146,5.041274439075946,4.984249784426714,5.185567198971833,5.399885419380846,5.505440742030356
云南省,530000,省,怒江傈僳族自治州,533300,自治州,7.525694946287894,7.206439130718308,6.78161631443266,6.59722577919732,6.566110041196843,6.252535339158524,6.527854542804381
云南省,530000,省,普洱市,530800,地级市,5.704245690376191,5.647420912634509,5.366385054327614,5.422958689981704,5.738612330418791,5.608238632631392,5.731319557756167
云南省,530000,省,曲靖市,530300,地级市,10.183727484200674,10.168318805640574,9.657448214890188,9.885543357119593,10.091873246289078,9.856451537139453,9.432892726305123
云南省,530000,省,文山壮族苗族自治州,532600,自治州,7.145863060204631,7.619487282354394,7.057672314900987,7.294763071695263,8.089861860298486,7.594734602411941,7.324622718235998
云南省,530000,省,西双版纳傣族自治州,532800,自治州,5.04958426548389,5.107240666435273,4.944545030081778,4.942710102842137,5.004560630933534,4.978392397358583,4.873549044499176
云南省,530000,省,玉溪市,530400,地级市,9.336139798307748,9.447892193875518,9.204450665608814,9.292514198214269,10.10891235107154,9.870540702980708,9.45564783264408
云南省,530000,省,昭通市,530600,地级市,7.343645426457639,7.291508613335876,7.11581843890891,7.604139396571644,7.79023964683476,7.48669563689525,7.166348468112385
浙江省,330000,省,杭州市,330100,地级市,9.690680310824632,8.95204335445517,8.90483361577,8.893584443141506,8.631807194449022,8.335202710292231,8.623264871180108
浙江省,330000,省,湖州市,330500,地级市,9.581513882076027,9.735556266061105,9.65518329305603,9.669358570563832,9.28906332558581,9.115831142489789,9.236824905059311
浙江省,330000,省,嘉兴市,330400,地级市,10.627572241228362,11.199164359139502,11.232075137642878,11.412633087519266,10.937437956756904,10.901333575586715,11.054926872161673
浙江省,330000,省,金华市,330700,地级市,8.338810134114112,8.209782399496365,8.098847225248711,7.901020379429617,7.725216287457859,7.443211792857925,7.953062187002025
浙江省,330000,省,丽水市,331100,地级市,6.910477742216168,6.877491880072213,6.747349011654212,6.530115663730798,6.339278536934795,5.993021091893961,6.796701170400842
浙江省,330000,省,宁波市,330200,地级市,11.327496682944629,11.67583098776129,11.749927311590408,11.89557550285764,11.27405337036501,11.73339555471883,11.431729366402909
浙江省,330000,省,衢州市,330800,地级市,8.994940361827945,8.764975439587003,8.647756024271724,8.49141847879548,8.441835803607175,8.056611932789155,8.49155380023019
浙江省,330000,省,绍兴市,330600,地级市,8.790624260261731,9.089443557414883,8.955979673266055,8.785207326110227,8.598374754223915,8.378198784924425,8.458798948266764
浙江省,330000,省,台州市,331000,地级市,12.540607673059812,12.553767341791614,12.587254066476328,12.381636536927784,12.091711759548842,12.453980249595404,12.05575727081879
浙江省,330000,省,温州市,330300,地级市,8.077253794176302,8.118858254516232,8.113505802312602,8.089017979755678,7.809143516735566,7.795122754175332,7.84975564597706
浙江省,330000,省,舟山市,330900,地级市,11.11482103308877,11.400688295765203,11.563803215640132,11.737235699510409,11.025098211191644,11.125942057176005,11.016676753810131
重庆市,500000,直辖市,重庆市,500000,直辖市,6.294378627233151,6.446346845189836,6.364231110408159,6.578425879710245,6.391985115536686,6.273702733024781,6.318153531166903
